<?xml version="1.0" encoding="UTF-8"?>
<project-private xmlns="http://www.netbeans.org/ns/project-private/1">
    <editor-bookmarks xmlns="http://www.netbeans.org/ns/editor-bookmarks/2" lastBookmarkId="0"/>
    <open-files xmlns="http://www.netbeans.org/ns/projectui-open-files/2">
        <group>
            <file>file:/D:/SMKN%202%20Padang/XII-RPL/Pemrograman%20Berorientasi%20Objek/Aplikasi%20&amp;%20Program/Aplikasi%20Penjualan%20Rumah/src/AplikasiPenjualan/ConnectionDb.java</file>
            <file>file:/D:/SMKN%202%20Padang/XII-RPL/Pemrograman%20Berorientasi%20Objek/Aplikasi%20&amp;%20Program/Aplikasi%20Penjualan%20Rumah/src/AplikasiPenjualan/PaymentForm.java</file>
            <file>file:/D:/SMKN%202%20Padang/XII-RPL/Pemrograman%20Berorientasi%20Objek/Aplikasi%20&amp;%20Program/Aplikasi%20Penjualan%20Rumah/src/AplikasiPenjualan/DataForm.java</file>
            <file>file:/D:/SMKN%202%20Padang/XII-RPL/Pemrograman%20Berorientasi%20Objek/Aplikasi%20&amp;%20Program/Aplikasi%20Penjualan%20Rumah/src/AplikasiPenjualan/MainFrame.java</file>
            <file>file:/D:/SMKN%202%20Padang/XII-RPL/Pemrograman%20Berorientasi%20Objek/Aplikasi%20&amp;%20Program/Aplikasi%20Penjualan%20Rumah/src/AplikasiPenjualan/OptionMenu.java</file>
            <file>file:/D:/SMKN%202%20Padang/XII-RPL/Pemrograman%20Berorientasi%20Objek/Aplikasi%20&amp;%20Program/Aplikasi%20Penjualan%20Rumah/src/AplikasiPenjualan/LoginForm.java</file>
        </group>
    </open-files>
</project-private>
